Timestamp,From Bank,From Account,To Bank,To Account,Amount Received,Receiving Currency,Amount Paid,Payment Currency,Payment Format,Is Laundering
2026/01/01 09:00,001,ACC_CYC_A,002,ACC_CYC_B,5000.00,USD,5000.00,USD,ACH,1
2026/01/01 10:00,002,ACC_CYC_B,003,ACC_CYC_C,4950.00,USD,4950.00,USD,ACH,1
2026/01/01 11:00,003,ACC_CYC_C,001,ACC_CYC_A,4900.00,USD,4900.00,USD,ACH,1
2026/01/02 09:00,010,ACC_FIN_S1,020,ACC_FIN_MULE,2000.00,USD,2000.00,USD,Wire,1
2026/01/02 09:05,011,ACC_FIN_S2,020,ACC_FIN_MULE,2100.00,USD,2100.00,USD,Wire,1
2026/01/02 09:10,012,ACC_FIN_S3,020,ACC_FIN_MULE,1950.00,USD,1950.00,USD,Wire,1
2026/01/02 09:15,013,ACC_FIN_S4,020,ACC_FIN_MULE,2050.00,USD,2050.00,USD,Wire,1
2026/01/02 09:20,014,ACC_FIN_S5,020,ACC_FIN_MULE,2000.00,USD,2000.00,USD,Wire,1
2026/01/03 14:00,030,ACC_FOUT_SRC,040,ACC_FOUT_D1,1000.00,USD,1000.00,USD,ACH,1
2026/01/03 14:05,030,ACC_FOUT_SRC,041,ACC_FOUT_D2,1000.00,USD,1000.00,USD,ACH,1
2026/01/03 14:10,030,ACC_FOUT_SRC,042,ACC_FOUT_D3,1000.00,USD,1000.00,USD,ACH,1
2026/01/03 14:15,030,ACC_FOUT_SRC,043,ACC_FOUT_D4,1000.00,USD,1000.00,USD,ACH,1
2026/01/03 14:20,030,ACC_FOUT_SRC,044,ACC_FOUT_D5,1000.00,USD,1000.00,USD,ACH,1
2026/01/05 00:00,100,NOISE_01,101,NOISE_02,120.00,USD,120.00,USD,ACH,0
2026/01/05 01:00,101,NOISE_02,102,NOISE_03,340.50,USD,340.50,USD,Credit Card,0
2026/01/05 02:00,102,NOISE_03,103,NOISE_04,75.25,USD,75.25,USD,Cheque,0
2026/01/05 03:00,103,NOISE_04,104,NOISE_05,500.00,USD,500.00,USD,Wire,0
2026/01/05 04:00,104,NOISE_05,105,NOISE_06,89.99,USD,89.99,USD,ACH,0
2026/01/05 05:00,105,NOISE_06,100,NOISE_07,210.00,USD,210.00,USD,Credit Card,0
2026/01/05 06:00,100,NOISE_07,101,NOISE_08,60.00,USD,60.00,USD,Cheque,0
2026/01/05 07:00,101,NOISE_08,102,NOISE_09,430.00,USD,430.00,USD,Wire,0
2026/01/05 08:00,102,NOISE_09,103,NOISE_10,15.50,USD,15.50,USD,ACH,0
2026/01/05 09:00,103,NOISE_10,104,NOISE_11,275.00,USD,275.00,USD,Credit Card,0
2026/01/05 10:00,104,NOISE_11,105,NOISE_12,399.00,USD,399.00,USD,Cheque,0
2026/01/05 11:00,105,NOISE_12,100,NOISE_13,180.75,USD,180.75,USD,Wire,0
2026/01/05 12:00,100,NOISE_13,101,NOISE_14,95.00,USD,95.00,USD,ACH,0
2026/01/05 13:00,101,NOISE_14,102,NOISE_15,460.00,USD,460.00,USD,Credit Card,0
2026/01/05 14:00,102,NOISE_01,103,NOISE_03,30.00,USD,30.00,USD,Cheque,0
2026/01/06 00:00,103,NOISE_02,104,NOISE_04,150.00,USD,150.00,USD,Wire,0
2026/01/06 01:00,104,NOISE_03,105,NOISE_05,220.00,USD,220.00,USD,ACH,0
2026/01/06 02:00,105,NOISE_04,100,NOISE_06,310.00,USD,310.00,USD,Credit Card,0
2026/01/06 03:00,100,NOISE_05,101,NOISE_07,45.00,USD,45.00,USD,Cheque,0
2026/01/06 04:00,101,NOISE_06,102,NOISE_08,500.00,USD,500.00,USD,Wire,0
2026/01/06 05:00,102,NOISE_07,103,NOISE_09,65.25,USD,65.25,USD,ACH,0
2026/01/06 06:00,103,NOISE_08,104,NOISE_10,280.00,USD,280.00,USD,Credit Card,0
2026/01/06 07:00,104,NOISE_09,105,NOISE_11,399.50,USD,399.50,USD,Cheque,0
2026/01/06 08:00,105,NOISE_10,100,NOISE_12,110.00,USD,110.00,USD,Wire,0
2026/01/06 09:00,100,NOISE_11,101,NOISE_13,480.00,USD,480.00,USD,ACH,0
2026/01/06 10:00,101,NOISE_12,102,NOISE_14,25.00,USD,25.00,USD,Credit Card,0
2026/01/06 11:00,102,NOISE_13,103,NOISE_15,330.00,USD,330.00,USD,Cheque,0
2026/01/06 12:00,100,NOISE_01,103,NOISE_04,190.00,USD,190.00,USD,Wire,0
2026/01/06 13:00,101,NOISE_02,104,NOISE_05,55.00,USD,55.00,USD,ACH,0
2026/01/06 14:00,102,NOISE_03,105,NOISE_06,410.00,USD,410.00,USD,Credit Card,0
2026/01/07 00:00,103,NOISE_04,100,NOISE_07,140.00,USD,140.00,USD,Cheque,0
2026/01/07 01:00,104,NOISE_05,101,NOISE_08,260.00,USD,260.00,USD,Wire,0
2026/01/07 02:00,105,NOISE_06,102,NOISE_09,70.00,USD,70.00,USD,ACH,0
2026/01/07 03:00,100,NOISE_07,103,NOISE_10,350.00,USD,350.00,USD,Credit Card,0
2026/01/07 04:00,101,NOISE_08,104,NOISE_11,420.00,USD,420.00,USD,Cheque,0
2026/01/07 05:00,102,NOISE_09,105,NOISE_12,95.50,USD,95.50,USD,Wire,0
2026/01/07 06:00,103,NOISE_10,100,NOISE_13,205.00,USD,205.00,USD,ACH,0
2026/01/07 07:00,104,NOISE_11,101,NOISE_14,315.00,USD,315.00,USD,Credit Card,0
2026/01/07 08:00,105,NOISE_12,102,NOISE_15,40.00,USD,40.00,USD,Cheque,0
2026/01/07 09:00,100,NOISE_01,101,NOISE_05,490.00,USD,490.00,USD,Wire,0
